CountyOrigin,MunicipalityOrigin,DestinationCounty,DestinationMunicipality,DirectionalCategories,UsingRt1,DirectionRt1,TotalCommunters,Car_truck_or_van_Carpooled,Car_truck_or van_Drove_alone,Grand Total,Check,A,B,C,D,E,F,G,H,I,J,K,L,M,N,O,P,Q,R,S,T,U,V,W,X,Y,Z
Mercer County,East Windsor township,Mercer County,Ewing township,US1-Northwest,c,-,,20.00,165.00,185.00,0.00,,,,,,,,,,,,,,,,,,,,,,,,,,
Mercer County,East Windsor township,Mercer County,Hamilton township,US1-Southwest,a,-,,81.00,648.00,729.00,0.00,,,,,,,,,,,,,,,,,,,,,,,,,,
Mercer County,East Windsor township,Mercer County,Hightstown borough,US1-Southwest,a,-,,114.00,318.00,432.00,0.00,,,,,,,,,,,,,,,,,,,,,,,,,,
Mercer County,East Windsor township,Mercer County,Hopewell township,US1-Northwest,a,-,,18.00,193.00,211.00,0.00,,,,,,,,,,,,,,,,,,,,,,,,,,
Mercer County,East Windsor township,Mercer County,Lawrence township,US1-Northwest,u,South,,157.00,400.00,557.00,50.00,,,25.00,25.00,,,,,,,,,,,,,,,,,,,,,,
Mercer County,East Windsor township,Mercer County,Princeton,US1-Northwest,u,South,,78.00,322.00,400.00,20.00,,,,,,,,,,10.00,10.00,,,,,,,,,,,,,,,
Mercer County,East Windsor township,Mercer County,Robbinsville township,US1-Southwest,a,-,,76.00,412.00,488.00,0.00,,,,,,,,,,,,,,,,,,,,,,,,,,
Mercer County,East Windsor township,Mercer County,Trenton city,US1-Northwest,u,South,,34.00,505.00,539.00,50.00,20.00,20.00,10.00,,,,,,,,,,,,,,,,,,,,,,,
Mercer County,East Windsor township,Mercer County,West Windsor township,US1-Southwest,a,-,,35.00,526.00,561.00,0.00,,,,,,,,,,,,,,,,,,,,,,,,,,
Mercer County,East Windsor township,Middlesex County,Cranbury township,US1-Southwest,a,-,,105.00,390.00,495.00,0.00,,,,,,,,,,,,,,,,,,,,,,,,,,
Mercer County,East Windsor township,Middlesex County,Monroe township,US1-Southeast,a,-,,188.00,247.00,435.00,0.00,,,,,,,,,,,,,,,,,,,,,,,,,,
Mercer County,East Windsor township,Middlesex County,New Brunswick city,US1-Northeast,a,-,,,304.00,304.00,0.00,,,,,,,,,,,,,,,,,,,,,,,,,,
Mercer County,East Windsor township,Middlesex County,North Brunswick township,US1-Northeast,a,-,,19.00,135.00,154.00,0.00,,,,,,,,,,,,,,,,,,,,,,,,,,
Mercer County,East Windsor township,Middlesex County,Plainsboro township,US1-Southwest,a,-,,,227.00,227.00,0.00,,,,,,,,,,,,,,,,,,,,,,,,,,
Mercer County,East Windsor township,Middlesex County,South Brunswick township,US1-Southeast,a,-,,328.00,475.00,803.00,0.00,,,,,,,,,,,,,,,,,,,,,,,,,,
Mercer County,East Windsor township,Somerset County,Franklin township,US1-Northeast,c,-,,17.00,190.00,207.00,0.00,,,,,,,,,,,,,,,,,,,,,,,,,,
Mercer County,East Windsor township,Somerset County,Montgomery township,US1-Northeast,c,-,,,118.00,118.00,0.00,,,,,,,,,,,,,,,,,,,,,,,,,,
Mercer County,Ewing township,Mercer County,East Windsor township,US1-Southwest,c,-,,2.00,94.00,96.00,0.00,,,,,,,,,,,,,,,,,,,,,,,,,,
Mercer County,Ewing township,Mercer County,Hamilton township,US1-Southwest,c,-,,42.00,979.00,1021.00,0.00,,,,,,,,,,,,,,,,,,,,,,,,,,
Mercer County,Ewing township,Mercer County,Hopewell borough,US1-Northwest,a,-,,,95.00,95.00,0.00,,,,,,,,,,,,,,,,,,,,,,,,,,
Mercer County,Ewing township,Mercer County,Hopewell township,US1-Northwest,a,-,,9.00,489.00,498.00,0.00,,,,,,,,,,,,,,,,,,,,,,,,,,
Mercer County,Ewing township,Mercer County,Lawrence township,US1-Northwest,a,-,,92.00,1135.00,1227.00,0.00,,,,,,,,,,,,,,,,,,,,,,,,,,
Mercer County,Ewing township,Mercer County,Pennington borough,US1-Northwest,a,-,,,323.00,323.00,0.00,,,,,,,,,,,,,,,,,,,,,,,,,,
Mercer County,Ewing township,Mercer County,Princeton,US1-Northwest,a,-,,46.00,999.00,1045.00,0.00,,,,,,,,,,,,,,,,,,,,,,,,,,
Mercer County,Ewing township,Mercer County,Robbinsville township,US1-Southwest,c,-,,16.00,135.00,151.00,0.00,,,,,,,,,,,,,,,,,,,,,,,,,,
Mercer County,Ewing township,Mercer County,Trenton city,US1-Northwest,a,-,,156.00,2422.00,2578.00,0.00,,,,,,,,,,,,,,,,,,,,,,,,,,
Mercer County,Ewing township,Mercer County,West Windsor township,US1-Southwest,c,-,,5.00,686.00,691.00,0.00,,,,,,,,,,,,,,,,,,,,,,,,,,
Mercer County,Ewing township,Middlesex County,Cranbury township,US1-Southwest,u,North,,,22.00,22.00,240.00,,,,40.00,40.00,40.00,40.00,40.00,40.00,,,,,,,,,,,,,,,,,
Mercer County,Ewing township,Middlesex County,Monroe township,US1-Southeast,u,North,,1.00,50.00,51.00,480.00,,,,60.00,60.00,60.00,60.00,60.00,60.00,60.00,60.00,,,,,,,,,,,,,,,
Mercer County,Ewing township,Middlesex County,New Brunswick city,US1-Northeast,u,North,,9.00,149.00,158.00,1760.00,,,,80.00,80.00,80.00,80.00,80.00,80.00,80.00,80.00,80.00,80.00,80.00,80.00,80.00,80.00,80.00,80.00,80.00,80.00,80.00,80.00,80.00,80.00,
Mercer County,Ewing township,Middlesex County,North Brunswick township,US1-Northeast,u,North,,13.00,30.00,43.00,1680.00,,,,80.00,80.00,80.00,80.00,80.00,80.00,80.00,80.00,80.00,80.00,80.00,80.00,80.00,80.00,80.00,80.00,80.00,80.00,80.00,80.00,80.00,,
Mercer County,Ewing township,Middlesex County,Plainsboro township,US1-Southwest,u,North,,,223.00,223.00,640.00,,,,80.00,80.00,80.00,80.00,80.00,80.00,80.00,80.00,,,,,,,,,,,,,,,
Mercer County,Ewing township,Middlesex County,South Brunswick township,US1-Southeast,u,North,,14.00,142.00,156.00,960.00,,,,80.00,80.00,80.00,80.00,80.00,80.00,80.00,80.00,80.00,80.00,80.00,80.00,,,,,,,,,,,
Mercer County,Ewing township,Somerset County,Franklin township,US1-Northeast,u,North,,,120.00,120.00,750.00,,,,50.00,50.00,50.00,50.00,50.00,50.00,50.00,50.00,50.00,50.00,50.00,50.00,50.00,50.00,50.00,,,,,,,,
Mercer County,Ewing township,Somerset County,Montgomery township,US1-Northeast,a,-,,,231.00,231.00,0.00,,,,,,,,,,,,,,,,,,,,,,,,,,
Mercer County,Hamilton township,Mercer County,East Windsor township,US1-Southwest,a,-,,40.00,450.00,490.00,0.00,,,,,,,,,,,,,,,,,,,,,,,,,,
Mercer County,Hamilton township,Mercer County,Ewing township,US1-Northwest,c,-,,281.00,2769.00,3050.00,0.00,,,,,,,,,,,,,,,,,,,,,,,,,,
Mercer County,Hamilton township,Mercer County,Hightstown borough,US1-Southwest,a,-,,,179.00,179.00,0.00,,,,,,,,,,,,,,,,,,,,,,,,,,
Mercer County,Hamilton township,Mercer County,Hopewell borough,US1-Northwest,c,-,,,97.00,97.00,0.00,,,,,,,,,,,,,,,,,,,,,,,,,,
Mercer County,Hamilton township,Mercer County,Hopewell township,US1-Northwest,c,-,,41.00,548.00,589.00,0.00,,,,,,,,,,,,,,,,,,,,,,,,,,
Mercer County,Hamilton township,Mercer County,Lawrence township,US1-Northwest,c,-,,186.00,2660.00,2846.00,0.00,,,,,,,,,,,,,,,,,,,,,,,,,,
Mercer County,Hamilton township,Mercer County,Pennington borough,US1-Northwest,c,-,,48.00,267.00,315.00,0.00,,,,,,,,,,,,,,,,,,,,,,,,,,
Mercer County,Hamilton township,Mercer County,Princeton,US1-Northwest,c,-,,146.00,1644.00,1790.00,0.00,,,,,,,,,,,,,,,,,,,,,,,,,,
Mercer County,Hamilton township,Mercer County,Robbinsville township,US1-Southwest,a,-,,54.00,909.00,963.00,0.00,,,,,,,,,,,,,,,,,,,,,,,,,,
Mercer County,Hamilton township,Mercer County,Trenton city,US1-Northwest,a,-,,729.00,6736.00,7465.00,0.00,,,,,,,,,,,,,,,,,,,,,,,,,,
Mercer County,Hamilton township,Mercer County,West Windsor township,US1-Southwest,a,-,,149.00,1760.00,1909.00,0.00,,,,,,,,,,,,,,,,,,,,,,,,,,
Mercer County,Hamilton township,Middlesex County,Cranbury township,US1-Southwest,a,-,,,316.00,316.00,0.00,,,,,,,,,,,,,,,,,,,,,,,,,,
Mercer County,Hamilton township,Middlesex County,Monroe township,US1-Southeast,a,-,,20.00,281.00,301.00,0.00,,,,,,,,,,,,,,,,,,,,,,,,,,
Mercer County,Hamilton township,Middlesex County,New Brunswick city,US1-Northeast,u,North,,23.00,454.00,477.00,1320.00,,,,60.00,60.00,60.00,60.00,60.00,60.00,60.00,60.00,60.00,60.00,60.00,60.00,60.00,60.00,60.00,60.00,60.00,60.00,60.00,60.00,60.00,60.00,
Mercer County,Hamilton township,Middlesex County,North Brunswick township,US1-Northeast,u,North,,8.00,150.00,158.00,1890.00,,,,90.00,90.00,90.00,90.00,90.00,90.00,90.00,90.00,90.00,90.00,90.00,90.00,90.00,90.00,90.00,90.00,90.00,90.00,90.00,90.00,90.00,,
Mercer County,Hamilton township,Middlesex County,Plainsboro township,US1-Southwest,u,North,,68.00,666.00,734.00,460.00,,,,40.00,60.00,60.00,60.00,60.00,60.00,60.00,60.00,,,,,,,,,,,,,,,
Mercer County,Hamilton township,Middlesex County,South Brunswick township,US1-Southeast,u,North,,111.00,533.00,644.00,1080.00,,,,90.00,90.00,90.00,90.00,90.00,90.00,90.00,90.00,90.00,90.00,90.00,90.00,,,,,,,,,,,
Mercer County,Hamilton township,Somerset County,Franklin township,US1-Northeast,u,North,,39.00,162.00,201.00,1350.00,,,,90.00,90.00,90.00,90.00,90.00,90.00,90.00,90.00,90.00,90.00,90.00,90.00,90.00,90.00,90.00,,,,,,,,
Mercer County,Hamilton township,Somerset County,Hillsborough township,US1-Northeast,u,North,,,72.00,72.00,100.00,,,,10.00,10.00,10.00,10.00,10.00,10.00,10.00,10.00,10.00,10.00,,,,,,,,,,,,,
Mercer County,Hamilton township,Somerset County,Montgomery township,US1-Northeast,u,North,,,198.00,198.00,285.00,,,,15.00,30.00,30.00,30.00,30.00,30.00,30.00,30.00,30.00,30.00,,,,,,,,,,,,,
Mercer County,Hightstown borough,Mercer County,East Windsor township,US1-Southwest,a,-,,12.00,113.00,125.00,0.00,,,,,,,,,,,,,,,,,,,,,,,,,,
Mercer County,Hightstown borough,Mercer County,Ewing township,US1-Northwest,c,-,,,13.00,13.00,0.00,,,,,,,,,,,,,,,,,,,,,,,,,,
Mercer County,Hightstown borough,Mercer County,Hamilton township,US1-Southwest,c,-,,11.00,142.00,153.00,0.00,,,,,,,,,,,,,,,,,,,,,,,,,,
Mercer County,Hightstown borough,Mercer County,Hopewell township,US1-Northwest,u,South,,18.00,37.00,55.00,60.00,,,,30.00,30.00,,,,,,,,,,,,,,,,,,,,,
Mercer County,Hightstown borough,Mercer County,Lawrence township,US1-Northwest,u,South,,16.00,52.00,68.00,60.00,,,,30.00,30.00,,,,,,,,,,,,,,,,,,,,,
Mercer County,Hightstown borough,Mercer County,Princeton,US1-Northwest,u,South,,,43.00,43.00,20.00,,,,,,,,10.00,10.00,,,,,,,,,,,,,,,,,
Mercer County,Hightstown borough,Mercer County,Robbinsville township,US1-Southwest,a,-,,,129.00,129.00,0.00,,,,,,,,,,,,,,,,,,,,,,,,,,
Mercer County,Hightstown borough,Mercer County,Trenton city,US1-Northwest,u,South,,43.00,74.00,117.00,60.00,10.00,10.00,20.00,10.00,10.00,,,,,,,,,,,,,,,,,,,,,
Mercer County,Hightstown borough,Mercer County,West Windsor township,US1-Southwest,a,-,,,149.00,149.00,0.00,,,,,,,,,,,,,,,,,,,,,,,,,,
Mercer County,Hightstown borough,Middlesex County,Cranbury township,US1-Southwest,a,-,,70.00,101.00,171.00,0.00,,,,,,,,,,,,,,,,,,,,,,,,,,
Mercer County,Hightstown borough,Middlesex County,New Brunswick city,US1-Northeast,u,South,,13.00,18.00,31.00,170.00,,,,,,,,,10.00,10.00,10.00,10.00,10.00,10.00,10.00,10.00,10.00,10.00,10.00,10.00,10.00,10.00,10.00,10.00,10.00,
Mercer County,Hightstown borough,Middlesex County,Plainsboro township,US1-Southwest,a,-,,16.00,31.00,47.00,0.00,,,,,,,,,,,,,,,,,,,,,,,,,,
Mercer County,Hightstown borough,Middlesex County,South Brunswick township,US1-Southeast,a,-,,62.00,87.00,149.00,0.00,,,,,,,,,,,,,,,,,,,,,,,,,,
Mercer County,Hopewell borough,Mercer County,Ewing township,US1-Northwest,a,-,,,21.00,21.00,0.00,,,,,,,,,,,,,,,,,,,,,,,,,,
Mercer County,Hopewell borough,Mercer County,Hamilton township,US1-Southwest,c,-,,,24.00,24.00,0.00,,,,,,,,,,,,,,,,,,,,,,,,,,
Mercer County,Hopewell borough,Mercer County,Hopewell township,US1-Northwest,a,-,,7.00,77.00,84.00,0.00,,,,,,,,,,,,,,,,,,,,,,,,,,
Mercer County,Hopewell borough,Mercer County,Lawrence township,US1-Northwest,a,-,,4.00,92.00,96.00,0.00,,,,,,,,,,,,,,,,,,,,,,,,,,
Mercer County,Hopewell borough,Mercer County,Pennington borough,US1-Northwest,a,-,,,37.00,37.00,0.00,,,,,,,,,,,,,,,,,,,,,,,,,,
Mercer County,Hopewell borough,Mercer County,Princeton,US1-Northwest,a,-,,25.00,114.00,139.00,0.00,,,,,,,,,,,,,,,,,,,,,,,,,,
Mercer County,Hopewell borough,Mercer County,Trenton city,US1-Northwest,u,South,,2.00,50.00,52.00,180.00,60.00,60.00,60.00,,,,,,,,,,,,,,,,,,,,,,,
Mercer County,Hopewell borough,Mercer County,West Windsor township,US1-Southwest,c,-,,,46.00,46.00,0.00,,,,,,,,,,,,,,,,,,,,,,,,,,
Mercer County,Hopewell borough,Middlesex County,New Brunswick city,US1-Northeast,a,-,,8.00,13.00,21.00,0.00,,,,,,,,,,,,,,,,,,,,,,,,,,
Mercer County,Hopewell borough,Middlesex County,Plainsboro township,US1-Southwest,c,-,,,31.00,31.00,0.00,,,,,,,,,,,,,,,,,,,,,,,,,,
Mercer County,Hopewell borough,Middlesex County,South Brunswick township,US1-Southeast,c,-,,,9.00,9.00,0.00,,,,,,,,,,,,,,,,,,,,,,,,,,
Mercer County,Hopewell borough,Somerset County,Franklin township,US1-Northeast,a,-,,,17.00,17.00,0.00,,,,,,,,,,,,,,,,,,,,,,,,,,
Mercer County,Hopewell borough,Somerset County,Hillsborough township,US1-Northeast,a,-,,,10.00,10.00,0.00,,,,,,,,,,,,,,,,,,,,,,,,,,
Mercer County,Hopewell borough,Somerset County,Montgomery township,US1-Northeast,a,-,,,48.00,48.00,0.00,,,,,,,,,,,,,,,,,,,,,,,,,,
Mercer County,Hopewell township,Mercer County,East Windsor township,US1-Southwest,u,North,,11.00,43.00,54.00,40.00,,,,20.00,20.00,,,,,,,,,,,,,,,,,,,,,
Mercer County,Hopewell township,Mercer County,Ewing township,US1-Northwest,a,-,,71.00,556.00,627.00,0.00,,,,,,,,,,,,,,,,,,,,,,,,,,
Mercer County,Hopewell township,Mercer County,Hamilton township,US1-Southwest,c,-,,15.00,175.00,190.00,0.00,,,,,,,,,,,,,,,,,,,,,,,,,,
Mercer County,Hopewell township,Mercer County,Hopewell borough,US1-Northwest,a,-,,,197.00,197.00,0.00,,,,,,,,,,,,,,,,,,,,,,,,,,
Mercer County,Hopewell township,Mercer County,Lawrence township,US1-Northwest,a,-,,47.00,668.00,715.00,0.00,,,,,,,,,,,,,,,,,,,,,,,,,,
Mercer County,Hopewell township,Mercer County,Pennington borough,US1-Northwest,a,-,,8.00,505.00,513.00,0.00,,,,,,,,,,,,,,,,,,,,,,,,,,
Mercer County,Hopewell township,Mercer County,Princeton,US1-Northwest,a,-,,167.00,1272.00,1439.00,0.00,,,,,,,,,,,,,,,,,,,,,,,,,,
Mercer County,Hopewell township,Mercer County,Robbinsville township,US1-Southwest,c,-,,,100.00,100.00,0.00,,,,,,,,,,,,,,,,,,,,,,,,,,
Mercer County,Hopewell township,Mercer County,Trenton city,US1-Northwest,a,-,,,473.00,473.00,0.00,,,,,,,,,,,,,,,,,,,,,,,,,,
Mercer County,Hopewell township,Mercer County,West Windsor township,US1-Southwest,u,North,,29.00,453.00,482.00,20.00,,,,10.00,10.00,,,,,,,,,,,,,,,,,,,,,
Mercer County,Hopewell township,Middlesex County,New Brunswick city,US1-Northeast,u,North,,,57.00,57.00,550.00,,,,25.00,25.00,25.00,25.00,25.00,25.00,25.00,25.00,25.00,25.00,25.00,25.00,25.00,25.00,25.00,25.00,25.00,25.00,25.00,25.00,25.00,25.00,
Mercer County,Hopewell township,Middlesex County,Plainsboro township,US1-Southwest,u,North,,,147.00,147.00,240.00,,,,30.00,30.00,30.00,30.00,30.00,30.00,30.00,30.00,,,,,,,,,,,,,,,
Mercer County,Hopewell township,Middlesex County,South Brunswick township,US1-Southeast,u,North,,,110.00,110.00,360.00,,,,30.00,30.00,30.00,30.00,30.00,30.00,30.00,30.00,30.00,30.00,30.00,30.00,,,,,,,,,,,
Mercer County,Hopewell township,Somerset County,Franklin township,US1-Northeast,a,-,,,48.00,48.00,0.00,,,,,,,,,,,,,,,,,,,,,,,,,,
Mercer County,Hopewell township,Somerset County,Hillsborough township,US1-Northeast,a,-,,,85.00,85.00,0.00,,,,,,,,,,,,,,,,,,,,,,,,,,
Mercer County,Hopewell township,Somerset County,Montgomery township,US1-Northeast,a,-,,,162.00,162.00,0.00,,,,,,,,,,,,,,,,,,,,,,,,,,
Mercer County,Lawrence township,Mercer County,East Windsor township,US1-Southwest,u,North,,,214.00,214.00,50.00,,,25.00,25.00,,,,,,,,,,,,,,,,,,,,,,
Mercer County,Lawrence township,Mercer County,Ewing township,US1-Northwest,a,-,,89.00,700.00,789.00,0.00,,,,,,,,,,,,,,,,,,,,,,,,,,
Mercer County,Lawrence township,Mercer County,Hamilton township,US1-Southwest,c,-,,101.00,1070.00,1171.00,0.00,,,,,,,,,,,,,,,,,,,,,,,,,,
Mercer County,Lawrence township,Mercer County,Hightstown borough,US1-Southwest,u,North,,18.00,48.00,66.00,60.00,,,,30.00,30.00,,,,,,,,,,,,,,,,,,,,,
Mercer County,Lawrence township,Mercer County,Hopewell borough,US1-Northwest,a,-,,,53.00,53.00,0.00,,,,,,,,,,,,,,,,,,,,,,,,,,
Mercer County,Lawrence township,Mercer County,Hopewell township,US1-Northwest,a,-,,110.00,436.00,546.00,0.00,,,,,,,,,,,,,,,,,,,,,,,,,,
Mercer County,Lawrence township,Mercer County,Pennington borough,US1-Northwest,a,-,,19.00,222.00,241.00,0.00,,,,,,,,,,,,,,,,,,,,,,,,,,
Mercer County,Lawrence township,Mercer County,Princeton,US1-Northwest,a,-,,127.00,1305.00,1432.00,0.00,,,,,,,,,,,,,,,,,,,,,,,,,,
Mercer County,Lawrence township,Mercer County,Robbinsville township,US1-Southwest,c,-,,23.00,180.00,203.00,0.00,,,,,,,,,,,,,,,,,,,,,,,,,,
Mercer County,Lawrence township,Mercer County,Trenton city,US1-Northwest,u,South,,254.00,1403.00,1657.00,140.00,70.00,70.00,,,,,,,,,,,,,,,,,,,,,,,,
Mercer County,Lawrence township,Mercer County,West Windsor township,US1-Southwest,u,North,,112.00,949.00,1061.00,20.00,,,,10.00,10.00,,,,,,,,,,,,,,,,,,,,,
Mercer County,Lawrence township,Middlesex County,Cranbury township,US1-Southwest,u,North,,,146.00,146.00,420.00,,,,70.00,70.00,70.00,70.00,70.00,70.00,,,,,,,,,,,,,,,,,
Mercer County,Lawrence township,Middlesex County,Monroe township,US1-Southeast,u,North,,28.00,34.00,62.00,720.00,,,,90.00,90.00,90.00,90.00,90.00,90.00,90.00,90.00,,,,,,,,,,,,,,,
Mercer County,Lawrence township,Middlesex County,New Brunswick city,US1-Northeast,u,North,,,86.00,86.00,2200.00,,,,100.00,100.00,100.00,100.00,100.00,100.00,100.00,100.00,100.00,100.00,100.00,100.00,100.00,100.00,100.00,100.00,100.00,100.00,100.00,100.00,100.00,100.00,
Mercer County,Lawrence township,Middlesex County,Plainsboro township,US1-Southwest,u,North,,17.00,473.00,490.00,800.00,,,,100.00,100.00,100.00,100.00,100.00,100.00,100.00,100.00,,,,,,,,,,,,,,,
Mercer County,Lawrence township,Middlesex County,South Brunswick township,US1-Southeast,u,North,,65.00,298.00,363.00,1200.00,,,,100.00,100.00,100.00,100.00,100.00,100.00,100.00,100.00,100.00,100.00,100.00,100.00,,,,,,,,,,,
Mercer County,Lawrence township,Somerset County,Franklin township,US1-Northeast,u,North,,,121.00,121.00,1200.00,,,,80.00,80.00,80.00,80.00,80.00,80.00,80.00,80.00,80.00,80.00,80.00,80.00,80.00,80.00,80.00,,,,,,,,
Mercer County,Lawrence township,Somerset County,Hillsborough township,US1-Northeast,a,-,,,82.00,82.00,0.00,,,,,,,,,,,,,,,,,,,,,,,,,,
Mercer County,Lawrence township,Somerset County,Montgomery township,US1-Northeast,a,-,,36.00,309.00,345.00,0.00,,,,,,,,,,,,,,,,,,,,,,,,,,
Mercer County,Pennington borough,Mercer County,Ewing township,US1-Northwest,a,-,,,26.00,26.00,0.00,,,,,,,,,,,,,,,,,,,,,,,,,,
Mercer County,Pennington borough,Mercer County,Hamilton township,US1-Southwest,c,-,,,75.00,75.00,0.00,,,,,,,,,,,,,,,,,,,,,,,,,,
Mercer County,Pennington borough,Mercer County,Hopewell township,US1-Northwest,a,-,,,70.00,70.00,0.00,,,,,,,,,,,,,,,,,,,,,,,,,,
Mercer County,Pennington borough,Mercer County,Lawrence township,US1-Northwest,a,-,,7.00,66.00,73.00,0.00,,,,,,,,,,,,,,,,,,,,,,,,,,
Mercer County,Pennington borough,Mercer County,Princeton,US1-Northwest,a,-,,15.00,153.00,168.00,0.00,,,,,,,,,,,,,,,,,,,,,,,,,,
Mercer County,Pennington borough,Mercer County,Trenton city,US1-Northwest,u,South,,,96.00,96.00,200.00,100.00,100.00,,,,,,,,,,,,,,,,,,,,,,,,
Mercer County,Pennington borough,Mercer County,West Windsor township,US1-Southwest,u,North,,,95.00,95.00,100.00,,,,50.00,50.00,,,,,,,,,,,,,,,,,,,,,
Mercer County,Pennington borough,Middlesex County,New Brunswick city,US1-Northeast,u,North,,,9.00,9.00,440.00,,,,20.00,20.00,20.00,20.00,20.00,20.00,20.00,20.00,20.00,20.00,20.00,20.00,20.00,20.00,20.00,20.00,20.00,20.00,20.00,20.00,20.00,20.00,
Mercer County,Pennington borough,Middlesex County,Plainsboro township,US1-Southwest,u,North,,,39.00,39.00,480.00,,,,30.00,30.00,30.00,30.00,90.00,90.00,90.00,90.00,,,,,,,,,,,,,,,
Mercer County,Pennington borough,Middlesex County,South Brunswick township,US1-Southeast,u,North,,,19.00,19.00,805.00,,,,35.00,70.00,70.00,70.00,70.00,70.00,70.00,70.00,70.00,70.00,70.00,70.00,,,,,,,,,,,
Mercer County,Pennington borough,Somerset County,Montgomery township,US1-Northeast,a,-,,,24.00,24.00,0.00,,,,,,,,,,,,,,,,,,,,,,,,,,
Mercer County,Princeton,Mercer County,East Windsor township,US1-Southwest,u,North,,,167.00,167.00,20.00,,,,,,,,,,10.00,10.00,,,,,,,,,,,,,,,
Mercer County,Princeton,Mercer County,Ewing township,US1-Northwest,a,-,,33.00,86.00,119.00,0.00,,,,,,,,,,,,,,,,,,,,,,,,,,
Mercer County,Princeton,Mercer County,Hamilton township,US1-Southwest,c,-,,17.00,114.00,131.00,0.00,,,,,,,,,,,,,,,,,,,,,,,,,,
Mercer County,Princeton,Mercer County,Hopewell borough,US1-Northwest,a,-,,,62.00,62.00,0.00,,,,,,,,,,,,,,,,,,,,,,,,,,
Mercer County,Princeton,Mercer County,Hopewell township,US1-Northwest,a,-,,12.00,116.00,128.00,0.00,,,,,,,,,,,,,,,,,,,,,,,,,,
Mercer County,Princeton,Mercer County,Lawrence township,US1-Northwest,a,-,,30.00,576.00,606.00,0.00,,,,,,,,,,,,,,,,,,,,,,,,,,
Mercer County,Princeton,Mercer County,Trenton city,US1-Northwest,u,South,,33.00,142.00,175.00,200.00,100.00,100.00,,,,,,,,,,,,,,,,,,,,,,,,
Mercer County,Princeton,Mercer County,West Windsor township,US1-Southwest,c,-,,10.00,487.00,497.00,0.00,,,,,,,,,,,,,,,,,,,,,,,,,,
Mercer County,Princeton,Middlesex County,New Brunswick city,US1-Northeast,u,North,,26.00,188.00,214.00,1000.00,,,,,,,,,,,,,,,,100.00,100.00,100.00,100.00,100.00,100.00,100.00,100.00,100.00,100.00,
Mercer County,Princeton,Middlesex County,North Brunswick township,US1-Northeast,u,North,,,98.00,98.00,900.00,,,,,,,,,,,,,,,,100.00,100.00,100.00,100.00,100.00,100.00,100.00,100.00,100.00,,
Mercer County,Princeton,Middlesex County,Plainsboro township,US1-Southwest,u,North,,82.00,232.00,314.00,299.00,,,,,,,,33.00,66.00,100.00,100.00,,,,,,,,,,,,,,,
Mercer County,Princeton,Middlesex County,South Brunswick township,US1-Southeast,u,North,,29.00,183.00,212.00,145.00,,,,,,,,10.00,15.00,20.00,20.00,20.00,20.00,20.00,20.00,,,,,,,,,,,
Mercer County,Princeton,Somerset County,Franklin township,US1-Northeast,a,-,,,28.00,28.00,0.00,,,,,,,,,,,,,,,,,,,,,,,,,,
Mercer County,Princeton,Somerset County,Hillsborough township,US1-Northeast,a,-,,,38.00,38.00,0.00,,,,,,,,,,,,,,,,,,,,,,,,,,
Mercer County,Princeton,Somerset County,Montgomery township,US1-Northeast,a,-,,,193.00,193.00,0.00,,,,,,,,,,,,,,,,,,,,,,,,,,
Mercer County,Robbinsville township,Mercer County,East Windsor township,US1-Southwest,a,-,,30.00,263.00,293.00,0.00,,,,,,,,,,,,,,,,,,,,,,,,,,
Mercer County,Robbinsville township,Mercer County,Ewing township,US1-Northwest,c,-,,,124.00,124.00,0.00,,,,,,,,,,,,,,,,,,,,,,,,,,
Mercer County,Robbinsville township,Mercer County,Hamilton township,US1-Southwest,a,-,,67.00,906.00,973.00,0.00,,,,,,,,,,,,,,,,,,,,,,,,,,
Mercer County,Robbinsville township,Mercer County,Hopewell township,US1-Northwest,c,-,,18.00,183.00,201.00,0.00,,,,,,,,,,,,,,,,,,,,,,,,,,
Mercer County,Robbinsville township,Mercer County,Lawrence township,US1-Northwest,c,-,,11.00,225.00,236.00,0.00,,,,,,,,,,,,,,,,,,,,,,,,,,
Mercer County,Robbinsville township,Mercer County,Princeton,US1-Northwest,c,-,,,272.00,272.00,0.00,,,,,,,,,,,,,,,,,,,,,,,,,,
Mercer County,Robbinsville township,Mercer County,Trenton city,US1-Northwest,a,-,,,600.00,600.00,0.00,,,,,,,,,,,,,,,,,,,,,,,,,,
Mercer County,Robbinsville township,Mercer County,West Windsor township,US1-Southwest,a,-,,12.00,532.00,544.00,0.00,,,,,,,,,,,,,,,,,,,,,,,,,,
Mercer County,Robbinsville township,Middlesex County,Monroe township,US1-Southeast,a,-,,,92.00,92.00,0.00,,,,,,,,,,,,,,,,,,,,,,,,,,
Mercer County,Robbinsville township,Middlesex County,New Brunswick city,US1-Northeast,a,-,,,58.00,58.00,0.00,,,,,,,,,,,,,,,,,,,,,,,,,,
Mercer County,Robbinsville township,Middlesex County,Plainsboro township,US1-Southwest,a,-,,,130.00,130.00,0.00,,,,,,,,,,,,,,,,,,,,,,,,,,
Mercer County,Robbinsville township,Middlesex County,South Brunswick township,US1-Southeast,a,-,,,237.00,237.00,0.00,,,,,,,,,,,,,,,,,,,,,,,,,,
Mercer County,Trenton city,Mercer County,East Windsor township,US1-Southwest,u,North,,191.00,207.00,398.00,50.00,20.00,20.00,10.00,,,,,,,,,,,,,,,,,,,,,,,
Mercer County,Trenton city,Mercer County,Ewing township,US1-Northwest,a,-,,542.00,1859.00,2401.00,0.00,,,,,,,,,,,,,,,,,,,,,,,,,,
Mercer County,Trenton city,Mercer County,Hamilton township,US1-Southwest,a,-,,1041.00,2710.00,3751.00,0.00,,,,,,,,,,,,,,,,,,,,,,,,,,
Mercer County,Trenton city,Mercer County,Hightstown borough,US1-Southwest,u,North,,64.00,77.00,141.00,60.00,10.00,10.00,20.00,10.00,10.00,,,,,,,,,,,,,,,,,,,,,
Mercer County,Trenton city,Mercer County,Hopewell borough,US1-Northwest,u,North,,,68.00,68.00,180.00,60.00,60.00,60.00,,,,,,,,,,,,,,,,,,,,,,,
Mercer County,Trenton city,Mercer County,Hopewell township,US1-Northwest,a,-,,137.00,310.00,447.00,0.00,,,,,,,,,,,,,,,,,,,,,,,,,,
Mercer County,Trenton city,Mercer County,Lawrence township,US1-Northwest,u,North,,514.00,1146.00,1660.00,140.00,70.00,70.00,,,,,,,,,,,,,,,,,,,,,,,,
Mercer County,Trenton city,Mercer County,Pennington borough,US1-Northwest,u,North,,32.00,208.00,240.00,200.00,100.00,100.00,,,,,,,,,,,,,,,,,,,,,,,,
Mercer County,Trenton city,Mercer County,Princeton,US1-Northwest,u,North,,377.00,1183.00,1560.00,200.00,100.00,100.00,,,,,,,,,,,,,,,,,,,,,,,,
Mercer County,Trenton city,Mercer County,Robbinsville township,US1-Southwest,a,-,,142.00,383.00,525.00,0.00,,,,,,,,,,,,,,,,,,,,,,,,,,
Mercer County,Trenton city,Mercer County,West Windsor township,US1-Southwest,u,North,,282.00,762.00,1044.00,500.00,100.00,100.00,100.00,100.00,100.00,,,,,,,,,,,,,,,,,,,,,
Mercer County,Trenton city,Middlesex County,Cranbury township,US1-Southwest,u,North,,32.00,109.00,141.00,150.00,30.00,30.00,30.00,10.00,10.00,10.00,10.00,10.00,10.00,,,,,,,,,,,,,,,,,
Mercer County,Trenton city,Middlesex County,Monroe township,US1-Southeast,u,North,,27.00,59.00,86.00,550.00,50.00,50.00,50.00,50.00,50.00,50.00,50.00,50.00,50.00,50.00,50.00,,,,,,,,,,,,,,,
Mercer County,Trenton city,Middlesex County,New Brunswick city,US1-Northeast,u,North,,,90.00,90.00,2500.00,100.00,100.00,100.00,100.00,100.00,100.00,100.00,100.00,100.00,100.00,100.00,100.00,100.00,100.00,100.00,100.00,100.00,100.00,100.00,100.00,100.00,100.00,100.00,100.00,100.00,
Mercer County,Trenton city,Middlesex County,Plainsboro township,US1-Southwest,u,North,,45.00,141.00,186.00,1100.00,100.00,100.00,100.00,100.00,100.00,100.00,100.00,100.00,100.00,100.00,100.00,,,,,,,,,,,,,,,
Mercer County,Trenton city,Middlesex County,South Brunswick township,US1-Southeast,u,North,,27.00,334.00,361.00,1600.00,100.00,100.00,100.00,100.00,100.00,100.00,100.00,100.00,100.00,100.00,100.00,100.00,100.00,100.00,100.00,100.00,,,,,,,,,,
Mercer County,Trenton city,Somerset County,Franklin township,US1-Northeast,u,North,,,25.00,25.00,1350.00,75.00,75.00,75.00,75.00,75.00,75.00,75.00,75.00,75.00,75.00,75.00,75.00,75.00,75.00,75.00,75.00,75.00,75.00,,,,,,,,
Mercer County,Trenton city,Somerset County,Montgomery township,US1-Northeast,u,North,,41.00,142.00,183.00,640.00,100.00,100.00,40.00,40.00,40.00,40.00,40.00,40.00,40.00,40.00,40.00,40.00,40.00,,,,,,,,,,,,,
Mercer County,West Windsor township,Mercer County,East Windsor township,US1-Southwest,a,-,,20.00,329.00,349.00,0.00,,,,,,,,,,,,,,,,,,,,,,,,,,
Mercer County,West Windsor township,Mercer County,Ewing township,US1-Northwest,c,-,,1.00,179.00,180.00,0.00,,,,,,,,,,,,,,,,,,,,,,,,,,
Mercer County,West Windsor township,Mercer County,Hamilton township,US1-Southwest,a,-,,54.00,364.00,418.00,0.00,,,,,,,,,,,,,,,,,,,,,,,,,,
Mercer County,West Windsor township,Mercer County,Hopewell township,US1-Northwest,u,South,,26.00,201.00,227.00,20.00,,,,10.00,10.00,,,,,,,,,,,,,,,,,,,,,
Mercer County,West Windsor township,Mercer County,Lawrence township,US1-Northwest,u,South,,65.00,482.00,547.00,20.00,,,,10.00,10.00,,,,,,,,,,,,,,,,,,,,,
Mercer County,West Windsor township,Mercer County,Pennington borough,US1-Northwest,u,South,,,96.00,96.00,100.00,,,,50.00,50.00,,,,,,,,,,,,,,,,,,,,,
Mercer County,West Windsor township,Mercer County,Princeton,US1-Northwest,c,-,,20.00,688.00,708.00,0.00,,,,,,,,,,,,,,,,,,,,,,,,,,
Mercer County,West Windsor township,Mercer County,Robbinsville township,US1-Southwest,a,-,,6.00,92.00,98.00,0.00,,,,,,,,,,,,,,,,,,,,,,,,,,
Mercer County,West Windsor township,Mercer County,Trenton city,US1-Northwest,u,South,,29.00,215.00,244.00,500.00,100.00,100.00,100.00,100.00,100.00,,,,,,,,,,,,,,,,,,,,,
Mercer County,West Windsor township,Middlesex County,Cranbury township,US1-Southwest,a,-,,,127.00,127.00,0.00,,,,,,,,,,,,,,,,,,,,,,,,,,
Mercer County,West Windsor township,Middlesex County,Monroe township,US1-Southeast,a,-,,3.00,39.00,42.00,0.00,,,,,,,,,,,,,,,,,,,,,,,,,,
Mercer County,West Windsor township,Middlesex County,New Brunswick city,US1-Northeast,u,North,,,156.00,156.00,1700.00,,,,,,,,,100.00,100.00,100.00,100.00,100.00,100.00,100.00,100.00,100.00,100.00,100.00,100.00,100.00,100.00,100.00,100.00,100.00,
Mercer County,West Windsor township,Middlesex County,North Brunswick township,US1-Northeast,u,North,,,90.00,90.00,1600.00,,,,,,,,,100.00,100.00,100.00,100.00,100.00,100.00,100.00,100.00,100.00,100.00,100.00,100.00,100.00,100.00,100.00,100.00,,
Mercer County,West Windsor township,Middlesex County,Plainsboro township,US1-Southwest,a,-,,138.00,627.00,765.00,0.00,,,,,,,,,,,,,,,,,,,,,,,,,,
Mercer County,West Windsor township,Middlesex County,South Brunswick township,US1-Southeast,u,North,,12.00,258.00,270.00,280.00,,,,,,,,,40.00,40.00,40.00,40.00,40.00,40.00,40.00,,,,,,,,,,,
Mercer County,West Windsor township,Somerset County,Franklin township,US1-Northeast,u,North,,7.00,125.00,132.00,1000.00,,,,,,,,,100.00,100.00,100.00,100.00,100.00,100.00,100.00,100.00,100.00,100.00,,,,,,,,
Mercer County,West Windsor township,Somerset County,Montgomery township,US1-Northeast,c,-,,,162.00,162.00,0.00,,,,,,,,,,,,,,,,,,,,,,,,,,
Middlesex County,Cranbury township,Mercer County,Hamilton township,US1-Southwest,a,-,,,37.00,37.00,0.00,,,,,,,,,,,,,,,,,,,,,,,,,,
Middlesex County,Cranbury township,Mercer County,Princeton,US1-Northwest,a,-,,,133.00,133.00,0.00,,,,,,,,,,,,,,,,,,,,,,,,,,
Middlesex County,Cranbury township,Mercer County,Trenton city,US1-Northwest,u,South,,,37.00,37.00,150.00,30.00,30.00,30.00,10.00,10.00,10.00,10.00,10.00,10.00,,,,,,,,,,,,,,,,,
Middlesex County,Cranbury township,Mercer County,West Windsor township,US1-Southwest,a,-,,,67.00,67.00,0.00,,,,,,,,,,,,,,,,,,,,,,,,,,
Middlesex County,Cranbury township,Middlesex County,Monroe township,US1-Southeast,a,-,,,39.00,39.00,0.00,,,,,,,,,,,,,,,,,,,,,,,,,,
Middlesex County,Cranbury township,Middlesex County,New Brunswick city,US1-Northeast,c,-,,8.00,53.00,61.00,0.00,,,,,,,,,,,,,,,,,,,,,,,,,,
Middlesex County,Cranbury township,Middlesex County,Plainsboro township,US1-Southwest,a,-,,,38.00,38.00,0.00,,,,,,,,,,,,,,,,,,,,,,,,,,
Middlesex County,Cranbury township,Middlesex County,South Brunswick township,US1-Southeast,a,-,,10.00,77.00,87.00,0.00,,,,,,,,,,,,,,,,,,,,,,,,,,
Middlesex County,Jamesburg borough,Mercer County,East Windsor township,US1-Southwest,a,-,,,31.00,31.00,0.00,,,,,,,,,,,,,,,,,,,,,,,,,,
Middlesex County,Jamesburg borough,Mercer County,Princeton,US1-Northwest,c,-,,,68.00,68.00,0.00,,,,,,,,,,,,,,,,,,,,,,,,,,
Middlesex County,Jamesburg borough,Middlesex County,Cranbury township,US1-Southwest,a,-,,16.00,41.00,57.00,0.00,,,,,,,,,,,,,,,,,,,,,,,,,,
Middlesex County,Jamesburg borough,Middlesex County,Monroe township,US1-Southeast,a,-,,,360.00,360.00,0.00,,,,,,,,,,,,,,,,,,,,,,,,,,
Middlesex County,Jamesburg borough,Middlesex County,New Brunswick city,US1-Northeast,a,-,,11.00,42.00,53.00,0.00,,,,,,,,,,,,,,,,,,,,,,,,,,
Middlesex County,Jamesburg borough,Middlesex County,North Brunswick township,US1-Northeast,a,-,,,82.00,82.00,0.00,,,,,,,,,,,,,,,,,,,,,,,,,,
Middlesex County,Jamesburg borough,Middlesex County,South Brunswick township,US1-Southeast,a,-,,,177.00,177.00,0.00,,,,,,,,,,,,,,,,,,,,,,,,,,
Middlesex County,Monroe township,Mercer County,East Windsor township,US1-Southwest,a,-,,14.00,257.00,271.00,0.00,,,,,,,,,,,,,,,,,,,,,,,,,,
Middlesex County,Monroe township,Mercer County,Hamilton township,US1-Southwest,a,-,,16.00,54.00,70.00,0.00,,,,,,,,,,,,,,,,,,,,,,,,,,
Middlesex County,Monroe township,Mercer County,Hightstown borough,US1-Southwest,a,-,,,69.00,69.00,0.00,,,,,,,,,,,,,,,,,,,,,,,,,,
Middlesex County,Monroe township,Mercer County,Lawrence township,US1-Northwest,u,South,,,34.00,34.00,720.00,,,,90.00,90.00,90.00,90.00,90.00,90.00,90.00,90.00,,,,,,,,,,,,,,,
Middlesex County,Monroe township,Mercer County,Princeton,US1-Northwest,c,-,,8.00,130.00,138.00,0.00,,,,,,,,,,,,,,,,,,,,,,,,,,
Middlesex County,Monroe township,Mercer County,Robbinsville township,US1-Southwest,a,-,,,49.00,49.00,0.00,,,,,,,,,,,,,,,,,,,,,,,,,,
Middlesex County,Monroe township,Mercer County,Trenton city,US1-Northwest,u,South,,8.00,194.00,202.00,550.00,50.00,50.00,50.00,50.00,50.00,50.00,50.00,50.00,50.00,50.00,50.00,,,,,,,,,,,,,,,
Middlesex County,Monroe township,Mercer County,West Windsor township,US1-Southwest,a,-,,13.00,131.00,144.00,0.00,,,,,,,,,,,,,,,,,,,,,,,,,,
Middlesex County,Monroe township,Middlesex County,Cranbury township,US1-Southwest,a,-,,46.00,127.00,173.00,0.00,,,,,,,,,,,,,,,,,,,,,,,,,,
Middlesex County,Monroe township,Middlesex County,Jamesburg borough,US1-Southeast,a,-,,11.00,345.00,356.00,0.00,,,,,,,,,,,,,,,,,,,,,,,,,,
Middlesex County,Monroe township,Middlesex County,New Brunswick city,US1-Northeast,a,-,,38.00,401.00,439.00,0.00,,,,,,,,,,,,,,,,,,,,,,,,,,
Middlesex County,Monroe township,Middlesex County,North Brunswick township,US1-Northeast,a,-,,30.00,151.00,181.00,0.00,,,,,,,,,,,,,,,,,,,,,,,,,,
Middlesex County,Monroe township,Middlesex County,Plainsboro township,US1-Southwest,a,-,,14.00,277.00,291.00,0.00,,,,,,,,,,,,,,,,,,,,,,,,,,
Middlesex County,Monroe township,Middlesex County,South Brunswick township,US1-Southeast,a,-,,37.00,425.00,462.00,0.00,,,,,,,,,,,,,,,,,,,,,,,,,,
Middlesex County,Monroe township,Somerset County,Franklin township,US1-Northeast,c,-,,,159.00,159.00,0.00,,,,,,,,,,,,,,,,,,,,,,,,,,
Middlesex County,Monroe township,Somerset County,Montgomery township,US1-Northeast,c,-,,,42.00,42.00,0.00,,,,,,,,,,,,,,,,,,,,,,,,,,
Middlesex County,New Brunswick city,Mercer County,East Windsor township,US1-Southwest,a,-,,14.00,85.00,99.00,0.00,,,,,,,,,,,,,,,,,,,,,,,,,,
Middlesex County,New Brunswick city,Mercer County,Hamilton township,US1-Southwest,u,South,,,82.00,82.00,1320.00,,,,60.00,60.00,60.00,60.00,60.00,60.00,60.00,60.00,60.00,60.00,60.00,60.00,60.00,60.00,60.00,60.00,60.00,60.00,60.00,60.00,60.00,60.00,
Middlesex County,New Brunswick city,Mercer County,Lawrence township,US1-Northwest,u,South,,,38.00,38.00,2200.00,,,,100.00,100.00,100.00,100.00,100.00,100.00,100.00,100.00,100.00,100.00,100.00,100.00,100.00,100.00,100.00,100.00,100.00,100.00,100.00,100.00,100.00,100.00,
Middlesex County,New Brunswick city,Mercer County,Princeton,US1-Northwest,u,South,,14.00,52.00,66.00,1000.00,,,,,,,,,,,,,,,,100.00,100.00,100.00,100.00,100.00,100.00,100.00,100.00,100.00,100.00,
Middlesex County,New Brunswick city,Mercer County,Robbinsville township,US1-Southwest,a,-,,22.00,16.00,38.00,0.00,,,,,,,,,,,,,,,,,,,,,,,,,,
Middlesex County,New Brunswick city,Mercer County,Trenton city,US1-Northwest,u,South,,19.00,24.00,43.00,2500.00,100.00,100.00,100.00,100.00,100.00,100.00,100.00,100.00,100.00,100.00,100.00,100.00,100.00,100.00,100.00,100.00,100.00,100.00,100.00,100.00,100.00,100.00,100.00,100.00,100.00,
Middlesex County,New Brunswick city,Mercer County,West Windsor township,US1-Southwest,u,South,,10.00,61.00,71.00,1700.00,,,,,,,,,100.00,100.00,100.00,100.00,100.00,100.00,100.00,100.00,100.00,100.00,100.00,100.00,100.00,100.00,100.00,100.00,100.00,
Middlesex County,New Brunswick city,Middlesex County,Cranbury township,US1-Southwest,c,-,,88.00,146.00,234.00,0.00,,,,,,,,,,,,,,,,,,,,,,,,,,
Middlesex County,New Brunswick city,Middlesex County,Monroe township,US1-Southeast,a,-,,141.00,161.00,302.00,0.00,,,,,,,,,,,,,,,,,,,,,,,,,,
Middlesex County,New Brunswick city,Middlesex County,North Brunswick township,US1-Northeast,c,-,,430.00,521.00,951.00,0.00,,,,,,,,,,,,,,,,,,,,,,,,,,
Middlesex County,New Brunswick city,Middlesex County,Plainsboro township,US1-Southwest,u,South,,64.00,103.00,167.00,1170.00,,,,,,,,,,,,,90.00,90.00,90.00,90.00,90.00,90.00,90.00,90.00,90.00,90.00,90.00,90.00,90.00,
Middlesex County,New Brunswick city,Middlesex County,South Brunswick township,US1-Southeast,u,South,,309.00,387.00,696.00,210.00,,,,,,,,,,,,,,,,,,,30.00,30.00,30.00,30.00,30.00,30.00,30.00,
Middlesex County,New Brunswick city,Somerset County,Franklin township,US1-Northeast,a,-,,58.00,453.00,511.00,0.00,,,,,,,,,,,,,,,,,,,,,,,,,,
Middlesex County,New Brunswick city,Somerset County,Hillsborough township,US1-Northeast,a,-,,43.00,20.00,63.00,0.00,,,,,,,,,,,,,,,,,,,,,,,,,,
Middlesex County,New Brunswick city,Somerset County,Montgomery township,US1-Northeast,a,-,,,30.00,30.00,0.00,,,,,,,,,,,,,,,,,,,,,,,,,,
Middlesex County,North Brunswick township,Mercer County,Ewing township,US1-Northwest,u,South,,,193.00,193.00,1760.00,,,,80.00,80.00,80.00,80.00,80.00,80.00,80.00,80.00,80.00,80.00,80.00,80.00,80.00,80.00,80.00,80.00,80.00,80.00,80.00,80.00,80.00,80.00,
Middlesex County,North Brunswick township,Mercer County,Hamilton township,US1-Southwest,u,South,,,51.00,51.00,1890.00,,,,90.00,90.00,90.00,90.00,90.00,90.00,90.00,90.00,90.00,90.00,90.00,90.00,90.00,90.00,90.00,90.00,90.00,90.00,90.00,90.00,90.00,,
Middlesex County,North Brunswick township,Mercer County,Hopewell township,US1-Northwest,u,South,,,44.00,44.00,450.00,,,,,,,,,,,,,,,,,,,,90.00,90.00,90.00,90.00,90.00,,
Middlesex County,North Brunswick township,Mercer County,Lawrence township,US1-Northwest,u,South,,5.00,114.00,119.00,1470.00,,,,70.00,70.00,70.00,70.00,70.00,70.00,70.00,70.00,70.00,70.00,70.00,70.00,70.00,70.00,70.00,70.00,70.00,70.00,70.00,70.00,70.00,,
Middlesex County,North Brunswick township,Mercer County,Pennington borough,US1-Northwest,u,South,,17.00,49.00,66.00,210.00,,,,10.00,10.00,10.00,10.00,10.00,10.00,10.00,10.00,10.00,10.00,10.00,10.00,10.00,10.00,10.00,10.00,10.00,10.00,10.00,10.00,10.00,,
Middlesex County,North Brunswick township,Mercer County,Princeton,US1-Northwest,u,South,,,160.00,160.00,900.00,,,,,,,,,,,,,,,,100.00,100.00,100.00,100.00,100.00,100.00,100.00,100.00,100.00,,
Middlesex County,North Brunswick township,Mercer County,Robbinsville township,US1-Southwest,u,South,,21.00,18.00,39.00,160.00,,,,,,,,,10.00,10.00,10.00,10.00,10.00,10.00,10.00,10.00,10.00,10.00,10.00,10.00,10.00,10.00,10.00,10.00,,
Middlesex County,North Brunswick township,Mercer County,Trenton city,US1-Northwest,u,South,,28.00,67.00,95.00,2400.00,100.00,100.00,100.00,100.00,100.00,100.00,100.00,100.00,100.00,100.00,100.00,100.00,100.00,100.00,100.00,100.00,100.00,100.00,100.00,100.00,100.00,100.00,100.00,100.00,,
Middlesex County,North Brunswick township,Mercer County,West Windsor township,US1-Southwest,u,South,,8.00,145.00,153.00,1600.00,,,,,,,,,100.00,100.00,100.00,100.00,100.00,100.00,100.00,100.00,100.00,100.00,100.00,100.00,100.00,100.00,100.00,100.00,,
Middlesex County,North Brunswick township,Middlesex County,Cranbury township,US1-Southwest,c,-,,27.00,151.00,178.00,0.00,,,,,,,,,,,,,,,,,,,,,,,,,,
Middlesex County,North Brunswick township,Middlesex County,Jamesburg borough,US1-Southeast,a,-,,,145.00,145.00,0.00,,,,,,,,,,,,,,,,,,,,,,,,,,
Middlesex County,North Brunswick township,Middlesex County,Monroe township,US1-Southeast,a,-,,43.00,338.00,381.00,0.00,,,,,,,,,,,,,,,,,,,,,,,,,,
Middlesex County,North Brunswick township,Middlesex County,New Brunswick city,US1-Northeast,c,-,,308.00,1856.00,2164.00,0.00,,,,,,,,,,,,,,,,,,,,,,,,,,
Middlesex County,North Brunswick township,Middlesex County,Plainsboro township,US1-Southwest,u,South,,47.00,314.00,361.00,1200.00,,,,,,,,,,,,,100.00,100.00,100.00,100.00,100.00,100.00,100.00,100.00,100.00,100.00,100.00,100.00,,
Middlesex County,North Brunswick township,Middlesex County,South Brunswick township,US1-Southeast,u,South,,78.00,750.00,828.00,120.00,,,,,,,,,,,,,,,,,,,20.00,20.00,20.00,20.00,20.00,20.00,,
Middlesex County,North Brunswick township,Somerset County,Franklin township,US1-Northeast,a,-,,35.00,1123.00,1158.00,0.00,,,,,,,,,,,,,,,,,,,,,,,,,,
Middlesex County,North Brunswick township,Somerset County,Hillsborough township,US1-Northeast,a,-,,4.00,73.00,77.00,0.00,,,,,,,,,,,,,,,,,,,,,,,,,,
Middlesex County,North Brunswick township,Somerset County,Montgomery township,US1-Northeast,u,South,,87.00,175.00,262.00,300.00,,,,,,,,,,,,,,,,,,,,60.00,60.00,60.00,60.00,60.00,,
Middlesex County,Plainsboro township,Mercer County,East Windsor township,US1-Southwest,a,-,,24.00,210.00,234.00,0.00,,,,,,,,,,,,,,,,,,,,,,,,,,
Middlesex County,Plainsboro township,Mercer County,Ewing township,US1-Northwest,u,South,,17.00,163.00,180.00,640.00,,,,80.00,80.00,80.00,80.00,80.00,80.00,80.00,80.00,,,,,,,,,,,,,,,
Middlesex County,Plainsboro township,Mercer County,Hamilton township,US1-Southwest,u,South,,54.00,222.00,276.00,120.00,,,,15.00,15.00,15.00,15.00,15.00,15.00,15.00,15.00,,,,,,,,,,,,,,,
Middlesex County,Plainsboro township,Mercer County,Hopewell township,US1-Northwest,a,-,,32.00,116.00,148.00,0.00,,,,,,,,,,,,,,,,,,,,,,,,,,
Middlesex County,Plainsboro township,Mercer County,Lawrence township,US1-Northwest,c,-,,68.00,499.00,567.00,0.00,,,,,,,,,,,,,,,,,,,,,,,,,,
Middlesex County,Plainsboro township,Mercer County,Pennington borough,US1-Northwest,c,-,,,98.00,98.00,0.00,,,,,,,,,,,,,,,,,,,,,,,,,,
Middlesex County,Plainsboro township,Mercer County,Princeton,US1-Northwest,u,South,,127.00,796.00,923.00,299.00,,,,,,,,33.00,66.00,100.00,100.00,,,,,,,,,,,,,,,
Middlesex County,Plainsboro township,Mercer County,Trenton city,US1-Northwest,u,South,,66.00,266.00,332.00,1100.00,100.00,100.00,100.00,100.00,100.00,100.00,100.00,100.00,100.00,100.00,100.00,,,,,,,,,,,,,,,
Middlesex County,Plainsboro township,Mercer County,West Windsor township,US1-Southwest,u,South,,126.00,665.00,791.00,280.00,,,,,,,,,40.00,40.00,40.00,40.00,40.00,40.00,40.00,,,,,,,,,,,
Middlesex County,Plainsboro township,Middlesex County,Cranbury township,US1-Southwest,a,-,,12.00,140.00,152.00,0.00,,,,,,,,,,,,,,,,,,,,,,,,,,
Middlesex County,Plainsboro township,Middlesex County,Monroe township,US1-Southeast,a,-,,18.00,92.00,110.00,0.00,,,,,,,,,,,,,,,,,,,,,,,,,,
Middlesex County,Plainsboro township,Middlesex County,New Brunswick city,US1-Northeast,u,North,,16.00,250.00,266.00,1170.00,,,,,,,,,,,,,90.00,90.00,90.00,90.00,90.00,90.00,90.00,90.00,90.00,90.00,90.00,90.00,90.00,
Middlesex County,Plainsboro township,Middlesex County,South Brunswick township,US1-Southeast,a,-,,54.00,468.00,522.00,0.00,,,,,,,,,,,,,,,,,,,,,,,,,,
Middlesex County,Plainsboro township,Somerset County,Franklin township,US1-Northeast,u,North,,18.00,68.00,86.00,180.00,,,,,,,,,,,,,30.00,30.00,30.00,30.00,30.00,30.00,,,,,,,,
Middlesex County,Plainsboro township,Somerset County,Montgomery township,US1-Northeast,c,-,,16.00,171.00,187.00,0.00,,,,,,,,,,,,,,,,,,,,,,,,,,
Middlesex County,South Brunswick township,Mercer County,East Windsor township,US1-Southwest,a,-,,,129.00,129.00,0.00,,,,,,,,,,,,,,,,,,,,,,,,,,
Middlesex County,South Brunswick township,Mercer County,Ewing township,US1-Northwest,u,South,,7.00,121.00,128.00,1080.00,,,,90.00,90.00,90.00,90.00,90.00,90.00,90.00,90.00,90.00,90.00,90.00,90.00,,,,,,,,,,,
Middlesex County,South Brunswick township,Mercer County,Hamilton township,US1-Southwest,u,South,,14.00,176.00,190.00,480.00,,,,40.00,40.00,40.00,40.00,40.00,40.00,40.00,40.00,40.00,40.00,40.00,40.00,,,,,,,,,,,
Middlesex County,South Brunswick township,Mercer County,Hopewell township,US1-Northwest,c,-,,15.00,162.00,177.00,0.00,,,,,,,,,,,,,,,,,,,,,,,,,,
Middlesex County,South Brunswick township,Mercer County,Lawrence township,US1-Northwest,u,South,,18.00,429.00,447.00,1200.00,,,,100.00,100.00,100.00,100.00,100.00,100.00,100.00,100.00,100.00,100.00,100.00,100.00,,,,,,,,,,,
Middlesex County,South Brunswick township,Mercer County,Pennington borough,US1-Northwest,c,-,,,186.00,186.00,0.00,,,,,,,,,,,,,,,,,,,,,,,,,,
Middlesex County,South Brunswick township,Mercer County,Princeton,US1-Northwest,u,South,,69.00,757.00,826.00,145.00,,,,,,,,10.00,15.00,20.00,20.00,20.00,20.00,20.00,20.00,,,,,,,,,,,
Middlesex County,South Brunswick township,Mercer County,Robbinsville township,US1-Southwest,c,-,,,113.00,113.00,0.00,,,,,,,,,,,,,,,,,,,,,,,,,,
Middlesex County,South Brunswick township,Mercer County,Trenton city,US1-Northwest,u,South,,27.00,237.00,264.00,1600.00,100.00,100.00,100.00,100.00,100.00,100.00,100.00,100.00,100.00,100.00,100.00,100.00,100.00,100.00,100.00,100.00,,,,,,,,,,
Middlesex County,South Brunswick township,Mercer County,West Windsor township,US1-Southwest,u,South,,,802.00,802.00,630.00,,,,,,,,,90.00,90.00,90.00,90.00,90.00,90.00,90.00,,,,,,,,,,,
Middlesex County,South Brunswick township,Middlesex County,Cranbury township,US1-Southwest,a,-,,,220.00,220.00,0.00,,,,,,,,,,,,,,,,,,,,,,,,,,
Middlesex County,South Brunswick township,Middlesex County,Jamesburg borough,US1-Southeast,a,-,,,98.00,98.00,0.00,,,,,,,,,,,,,,,,,,,,,,,,,,
Middlesex County,South Brunswick township,Middlesex County,Monroe township,US1-Southeast,a,-,,,294.00,294.00,0.00,,,,,,,,,,,,,,,,,,,,,,,,,,
Middlesex County,South Brunswick township,Middlesex County,New Brunswick city,US1-Northeast,c,-,,74.00,1182.00,1256.00,0.00,,,,,,,,,,,,,,,,,,,,,,,,,,
Middlesex County,South Brunswick township,Middlesex County,North Brunswick township,US1-Northeast,a,-,,96.00,848.00,944.00,0.00,,,,,,,,,,,,,,,,,,,,,,,,,,
Middlesex County,South Brunswick township,Middlesex County,Plainsboro township,US1-Southwest,c,-,,67.00,565.00,632.00,0.00,,,,,,,,,,,,,,,,,,,,,,,,,,
Middlesex County,South Brunswick township,Somerset County,Franklin township,US1-Northeast,c,-,,131.00,769.00,900.00,0.00,,,,,,,,,,,,,,,,,,,,,,,,,,
Middlesex County,South Brunswick township,Somerset County,Hillsborough township,US1-Northeast,c,-,,29.00,45.00,74.00,0.00,,,,,,,,,,,,,,,,,,,,,,,,,,
Middlesex County,South Brunswick township,Somerset County,Montgomery township,US1-Northeast,c,-,,29.00,329.00,358.00,0.00,,,,,,,,,,,,,,,,,,,,,,,,,,
Somerset County,Franklin township,Mercer County,East Windsor township,US1-Southwest,c,-,,,106.00,106.00,0.00,,,,,,,,,,,,,,,,,,,,,,,,,,
Somerset County,Franklin township,Mercer County,Ewing township,US1-Northwest,u,South,,,114.00,114.00,450.00,,,,30.00,30.00,30.00,30.00,30.00,30.00,30.00,30.00,30.00,30.00,30.00,30.00,30.00,30.00,30.00,,,,,,,,
Somerset County,Franklin township,Mercer County,Hamilton township,US1-Southwest,c,-,,,266.00,266.00,0.00,,,,,,,,,,,,,,,,,,,,,,,,,,
Somerset County,Franklin township,Mercer County,Hopewell township,US1-Northwest,a,-,,,88.00,88.00,0.00,,,,,,,,,,,,,,,,,,,,,,,,,,
Somerset County,Franklin township,Mercer County,Lawrence township,US1-Northwest,u,South,,,193.00,193.00,450.00,,,,30.00,30.00,30.00,30.00,30.00,30.00,30.00,30.00,30.00,30.00,30.00,30.00,30.00,30.00,30.00,,,,,,,,
Somerset County,Franklin township,Mercer County,Pennington borough,US1-Northwest,a,-,,,27.00,27.00,0.00,,,,,,,,,,,,,,,,,,,,,,,,,,
Somerset County,Franklin township,Mercer County,Princeton,US1-Northwest,a,-,,20.00,632.00,652.00,0.00,,,,,,,,,,,,,,,,,,,,,,,,,,
Somerset County,Franklin township,Mercer County,Robbinsville township,US1-Southwest,c,-,,,54.00,54.00,0.00,,,,,,,,,,,,,,,,,,,,,,,,,,
Somerset County,Franklin township,Mercer County,Trenton city,US1-Northwest,u,South,,,305.00,305.00,1350.00,75.00,75.00,75.00,75.00,75.00,75.00,75.00,75.00,75.00,75.00,75.00,75.00,75.00,75.00,75.00,75.00,75.00,75.00,,,,,,,,
Somerset County,Franklin township,Mercer County,West Windsor township,US1-Southwest,u,South,,,286.00,286.00,1000.00,,,,,,,,,100.00,100.00,100.00,100.00,100.00,100.00,100.00,100.00,100.00,100.00,,,,,,,,
Somerset County,Franklin township,Middlesex County,Cranbury township,US1-Southwest,c,-,,19.00,156.00,175.00,0.00,,,,,,,,,,,,,,,,,,,,,,,,,,
Somerset County,Franklin township,Middlesex County,Monroe township,US1-Southeast,c,-,,49.00,90.00,139.00,0.00,,,,,,,,,,,,,,,,,,,,,,,,,,
Somerset County,Franklin township,Middlesex County,New Brunswick city,US1-Northeast,a,-,,360.00,1868.00,2228.00,0.00,,,,,,,,,,,,,,,,,,,,,,,,,,
Somerset County,Franklin township,Middlesex County,North Brunswick township,US1-Northeast,c,-,,76.00,530.00,606.00,0.00,,,,,,,,,,,,,,,,,,,,,,,,,,
Somerset County,Franklin township,Middlesex County,Plainsboro township,US1-Southwest,c,-,,78.00,363.00,441.00,0.00,,,,,,,,,,,,,,,,,,,,,,,,,,
Somerset County,Franklin township,Middlesex County,South Brunswick township,US1-Southeast,c,-,,130.00,766.00,896.00,0.00,,,,,,,,,,,,,,,,,,,,,,,,,,
Somerset County,Franklin township,Somerset County,Hillsborough township,US1-Northeast,c,-,,12.00,435.00,447.00,0.00,,,,,,,,,,,,,,,,,,,,,,,,,,
Somerset County,Franklin township,Somerset County,Montgomery township,US1-Northeast,a,-,,18.00,495.00,513.00,0.00,,,,,,,,,,,,,,,,,,,,,,,,,,
Somerset County,Hillsborough township,Mercer County,East Windsor township,US1-Southwest,c,-,,,67.00,67.00,0.00,,,,,,,,,,,,,,,,,,,,,,,,,,
Somerset County,Hillsborough township,Mercer County,Ewing township,US1-Northwest,a,-,,,76.00,76.00,0.00,,,,,,,,,,,,,,,,,,,,,,,,,,
Somerset County,Hillsborough township,Mercer County,Hamilton township,US1-Southwest,c,-,,,90.00,90.00,0.00,,,,,,,,,,,,,,,,,,,,,,,,,,
Somerset County,Hillsborough township,Mercer County,Hopewell township,US1-Northwest,a,-,,,106.00,106.00,0.00,,,,,,,,,,,,,,,,,,,,,,,,,,
Somerset County,Hillsborough township,Mercer County,Lawrence township,US1-Northwest,a,-,,12.00,208.00,220.00,0.00,,,,,,,,,,,,,,,,,,,,,,,,,,
Somerset County,Hillsborough township,Mercer County,Pennington borough,US1-Northwest,a,-,,4.00,154.00,158.00,0.00,,,,,,,,,,,,,,,,,,,,,,,,,,
Somerset County,Hillsborough township,Mercer County,Princeton,US1-Northwest,a,-,,15.00,305.00,320.00,0.00,,,,,,,,,,,,,,,,,,,,,,,,,,
Somerset County,Hillsborough township,Mercer County,Trenton city,US1-Northwest,u,South,,,125.00,125.00,200.00,100.00,100.00,,,,,,,,,,,,,,,,,,,,,,,,
Somerset County,Hillsborough township,Mercer County,West Windsor township,US1-Southwest,c,-,,13.00,156.00,169.00,0.00,,,,,,,,,,,,,,,,,,,,,,,,,,
Somerset County,Hillsborough township,Middlesex County,New Brunswick city,US1-Northeast,a,-,,5.00,495.00,500.00,0.00,,,,,,,,,,,,,,,,,,,,,,,,,,
Somerset County,Hillsborough township,Middlesex County,North Brunswick township,US1-Northeast,u,North,,12.00,120.00,132.00,150.00,,,,,,,,,,,,,,,,,,,,,50.00,50.00,50.00,,,
Somerset County,Hillsborough township,Middlesex County,Plainsboro township,US1-Southwest,c,-,,33.00,92.00,125.00,0.00,,,,,,,,,,,,,,,,,,,,,,,,,,
Somerset County,Hillsborough township,Middlesex County,South Brunswick township,US1-Southeast,c,-,,,220.00,220.00,0.00,,,,,,,,,,,,,,,,,,,,,,,,,,
Somerset County,Hillsborough township,Somerset County,Franklin township,US1-Northeast,a,-,,24.00,1020.00,1044.00,0.00,,,,,,,,,,,,,,,,,,,,,,,,,,
Somerset County,Hillsborough township,Somerset County,Montgomery township,US1-Northeast,a,-,,14.00,693.00,707.00,0.00,,,,,,,,,,,,,,,,,,,,,,,,,,
Somerset County,Montgomery township,Mercer County,Ewing township,US1-Northwest,a,-,,16.00,80.00,96.00,0.00,,,,,,,,,,,,,,,,,,,,,,,,,,
Somerset County,Montgomery township,Mercer County,Hamilton township,US1-Southwest,c,-,,,76.00,76.00,0.00,,,,,,,,,,,,,,,,,,,,,,,,,,
Somerset County,Montgomery township,Mercer County,Hopewell township,US1-Northwest,a,-,,11.00,266.00,277.00,0.00,,,,,,,,,,,,,,,,,,,,,,,,,,
Somerset County,Montgomery township,Mercer County,Lawrence township,US1-Northwest,a,-,,,299.00,299.00,0.00,,,,,,,,,,,,,,,,,,,,,,,,,,
Somerset County,Montgomery township,Mercer County,Pennington borough,US1-Northwest,a,-,,,30.00,30.00,0.00,,,,,,,,,,,,,,,,,,,,,,,,,,
Somerset County,Montgomery township,Mercer County,Princeton,US1-Northwest,a,-,,36.00,934.00,970.00,0.00,,,,,,,,,,,,,,,,,,,,,,,,,,
Somerset County,Montgomery township,Mercer County,Trenton city,US1-Northwest,u,South,,,174.00,174.00,640.00,100.00,100.00,40.00,40.00,40.00,40.00,40.00,40.00,40.00,40.00,40.00,40.00,40.00,,,,,,,,,,,,,
Somerset County,Montgomery township,Mercer County,West Windsor township,US1-Southwest,c,-,,18.00,203.00,221.00,0.00,,,,,,,,,,,,,,,,,,,,,,,,,,
Somerset County,Montgomery township,Middlesex County,Cranbury township,US1-Southwest,c,-,,,90.00,90.00,0.00,,,,,,,,,,,,,,,,,,,,,,,,,,
Somerset County,Montgomery township,Middlesex County,New Brunswick city,US1-Northeast,a,-,,62.00,338.00,400.00,0.00,,,,,,,,,,,,,,,,,,,,,,,,,,
Somerset County,Montgomery township,Middlesex County,North Brunswick township,US1-Northeast,a,-,,27.00,31.00,58.00,0.00,,,,,,,,,,,,,,,,,,,,,,,,,,
Somerset County,Montgomery township,Middlesex County,Plainsboro township,US1-Southwest,c,-,,,316.00,316.00,0.00,,,,,,,,,,,,,,,,,,,,,,,,,,
Somerset County,Montgomery township,Middlesex County,South Brunswick township,US1-Southeast,c,-,,8.00,197.00,205.00,0.00,,,,,,,,,,,,,,,,,,,,,,,,,,
Somerset County,Montgomery township,Somerset County,Franklin township,US1-Northeast,a,-,,,312.00,312.00,0.00,,,,,,,,,,,,,,,,,,,,,,,,,,
Somerset County,Montgomery township,Somerset County,Hillsborough township,US1-Northeast,a,-,,7.00,332.00,339.00,0.00,,,,,,,,,,,,,,,,,,,,,,,,,,
Somerset County,Rocky Hill borough,Mercer County,Hamilton township,US1-Southwest,c,-,,2.00,5.00,7.00,0.00,,,,,,,,,,,,,,,,,,,,,,,,,,
Somerset County,Rocky Hill borough,Mercer County,Lawrence township,US1-Northwest,a,-,,,9.00,9.00,0.00,,,,,,,,,,,,,,,,,,,,,,,,,,
Somerset County,Rocky Hill borough,Mercer County,Princeton,US1-Northwest,a,-,,,46.00,46.00,0.00,,,,,,,,,,,,,,,,,,,,,,,,,,
Somerset County,Rocky Hill borough,Middlesex County,New Brunswick city,US1-Northeast,c,-,,,13.00,13.00,0.00,,,,,,,,,,,,,,,,,,,,,,,,,,
Somerset County,Rocky Hill borough,Middlesex County,Plainsboro township,US1-Southwest,c,-,,,17.00,17.00,0.00,,,,,,,,,,,,,,,,,,,,,,,,,,
Somerset County,Rocky Hill borough,Middlesex County,South Brunswick township,US1-Southeast,c,-,,,12.00,12.00,0.00,,,,,,,,,,,,,,,,,,,,,,,,,,
Somerset County,Rocky Hill borough,Somerset County,Franklin township,US1-Northeast,a,-,,,11.00,11.00,0.00,,,,,,,,,,,,,,,,,,,,,,,,,,
Somerset County,Rocky Hill borough,Somerset County,Hillsborough township,US1-Northeast,a,-,,,7.00,7.00,0.00,,,,,,,,,,,,,,,,,,,,,,,,,,
Somerset County,Rocky Hill borough,Somerset County,Montgomery township,US1-Northeast,a,-,,3.00,20.00,23.00,0.00,,,,,,,,,,,,,,,,,,,,,,,,,,